rank,uid,username,type,accompany,medal_name,medal_level
1,222641849,VJOKERZJX,提督,704,恬豆包,30
2,2314835,KugimiyaNanase,提督,506,恬豆包,29
3,7833154,nothing-iwnl-,提督,718,恬豆包,28
4,3546692863396694,早睡早起1855,提督,106,恬豆包,28
5,149522,sed-i,提督,449,恬豆包,28
6,7208836,恬豆能播到什么时候呢,提督,65,恬豆包,27
7,495672142,说的豆理_爱要坦荡荡,舰长,490,恬豆包,30
8,1302082741,粗鲁卑鄙,舰长,653,恬豆包,29
9,225883915,飘啊飘啊飘啊飘_,舰长,557,恬豆包,29
10,19977954,泠泠七弦上え,舰长,566,恬豆包,29
11,477273649,盐奶盖冷萃加氮,舰长,926,恬豆包,28
12,319263289,神棍老师麦迪武,舰长,152,恬豆包,28
13,2966435,叙星晨,舰长,601,恬豆包,28
14,385944,宝宝喝点水吧,舰长,230,恬豆包,28
15,224670,毛玉喵,舰长,451,恬豆包,28
16,12071021,纯良小羊,舰长,449,恬豆包,28
17,411146226,豆请给我一斤糖炒栗子,舰长,541,恬豆包,28
18,2372997,想上大舞台,舰长,455,恬豆包,28
19,1686289594,丸梨普贝当,舰长,800,恬豆包,27
20,4631465,禧浴搓澡巾,舰长,320,恬豆包,27
21,378823,不染葵,舰长,205,恬豆包,27
22,8573986,氕氘氚丿丿l丿ll,舰长,176,恬豆包,27
23,39140611,海蓝丶胜者悲歌,舰长,234,恬豆包,27
24,2482872,财前葵,舰长,406,恬豆包,27
25,431956406,我的颜栗只有你,舰长,324,恬豆包,27
26,2794950,梦怡少年,舰长,328,恬豆包,27
27,11509435,穹叶mmmmm,舰长,166,恬豆包,27
28,19393266,一颗太阳星r,舰长,376,恬豆包,27
29,26892910,大于3个小于30个字符,舰长,926,恬豆包,27
30,59955258,这个昵称已经有鬼用过了,舰长,237,恬豆包,27
31,1764797,暗核,舰长,616,恬豆包,27
32,3499113,-谢谢你泰罗,舰长,263,恬豆包,27
33,43667411,蒼のエーテル,舰长,496,恬豆包,27
34,403022512,567_Official,舰长,626,恬豆包,27
35,32438573,自爆前的沙鲁,舰长,406,恬豆包,27
36,4464599,天曦,舰长,358,恬豆包,27
37,28640116,我永远喜欢ちゅちゅ,舰长,426,恬豆包,27
38,44996524,吃土豆的木匠,舰长,206,恬豆包,27
39,22317289,逐迹寻星,舰长,174,恬豆包,26
40,96635934,流泪人吾皇,舰长,930,恬豆包,26
41,400702,月神二号,舰长,470,恬豆包,26
42,7033332,BusyTime,舰长,233,恬豆包,26
43,102748146,我要发动我的技能,舰长,378,恬豆包,26
44,66069738,叶青从小就很聪明,舰长,304,恬豆包,26
45,32933365,bekkibekkibe,舰长,489,恬豆包,26
46,6665522,辣牛奶不吃辣,舰长,936,恬豆包,26
47,491121103,绯桂大好き,舰长,317,恬豆包,26
48,12796481,绯色丶花,舰长,485,恬豆包,26
49,1580640,劝你纯良,舰长,431,恬豆包,26
50,93214,o秋-知弦o,舰长,76,恬豆包,26
51,151082,暴躁的妹唄唄,舰长,726,恬豆包,26
52,3647293,FunkyPant,舰长,296,恬豆包,26
53,408030089,流明的雨,舰长,121,恬豆包,26
54,5114175,桔子棉花糖orange,舰长,446,恬豆包,26
55,8350414,智能成长型冤种,舰长,202,恬豆包,26
56,28320190,想词嗷小龙堡,舰长,56,恬豆包,26
57,6052395,知非晓默,舰长,320,恬豆包,26
58,304172578,待我呆毛啵起,舰长,125,恬豆包,26
59,215156666,全点防御高咲侑,舰长,233,恬豆包,26
60,2481617,Koasa君,舰长,286,恬豆包,26
61,21734536,神奇的梦境,舰长,466,恬豆包,26
62,10826177,瑜木踢西瓜,舰长,892,恬豆包,26
63,21182500,爱吃恬豆包不爱吃汉堡,舰长,517,恬豆包,26
64,114686482,泳装趾压板跳绳,舰长,65,恬豆包,26
65,11028398,名字不重,舰长,28,恬豆包,26
66,19946819,巨大的荔枝,舰长,56,恬豆包,26
67,67912862,一一_100,舰长,851,恬豆包,26
68,391389,画汝于心,舰长,447,恬豆包,26
69,90938464,永遠的鳥廚烈焰使,舰长,427,恬豆包,26
70,22020361,单推扇宝的兜兜栗,舰长,326,恬豆包,26
71,47943455,恬豆加油,舰长,153,恬豆包,26
72,4429890,徐佳莹丶LaLa,舰长,393,恬豆包,26
73,97097355,大夢惊鸿,舰长,315,恬豆包,26
74,890623,Karna,舰长,399,恬豆包,26
75,30502624,爱喝奶茶的发面馒头,舰长,84,恬豆包,26
76,613077,唐炒豆栗,舰长,213,恬豆包,26
77,11428354,HerrFichte,舰长,660,恬豆包,26
78,143641,御意見無用-,舰长,144,恬豆包,26
79,5202028,adventatyou,舰长,91,恬豆包,26
80,1452847184,迟到且早退的KING,舰长,427,恬豆包,26
81,2106805,SPYNGELION,舰长,611,恬豆包,26
82,32283784,普通小随,舰长,217,恬豆包,26
83,69190175,小梦-逝去的青春,舰长,28,恬豆包,26
84,381373415,豆奶为你痴,舰长,111,恬豆包,26
85,404140110,奈尔露菲雅,舰长,427,恬豆包,26
86,177936092,幼稚占领高地,舰长,174,恬豆包,26
87,15712025,秒我中子,舰长,136,恬豆包,26
88,220332808,TaylorJhon,舰长,194,恬豆包,25
89,94116608,Pinkpool,舰长,62,恬豆包,25
90,100545100,木有云Q,舰长,178,恬豆包,25
91,12613525,矮摇摊,舰长,46,恬豆包,25
92,301612716,我即优雅又充满良心,舰长,234,恬豆包,25
93,8734954,SpaceChaos,舰长,166,恬豆包,25
94,59379500,灬亲亲握握灬,舰长,552,恬豆包,25
95,178746814,lelezsh,舰长,143,恬豆包,25
96,691885237,狱卒小吏,舰长,69,恬豆包,25
97,428112437,腾讯招聘,舰长,104,恬豆包,25
98,71993,月颗千,舰长,356,恬豆包,25
99,17242172,Mrburns,舰长,148,恬豆包,25
100,13637836,A-B-C-K,舰长,268,恬豆包,25
101,822417,一气三,舰长,436,恬豆包,25
102,262018,士多啤梨打卡机,舰长,113,恬豆包,25
103,14381,假如明天天晴,舰长,206,恬豆包,25
104,2472481,梦幻の水泡,舰长,95,恬豆包,25
105,52126672,zara447,舰长,84,恬豆包,25
106,1337100,竹林十五郎,舰长,83,恬豆包,25
107,9970815,-古原-,舰长,112,恬豆包,25
108,29294353,zorro853,舰长,456,恬豆包,25
109,317050683,是射立不是谢拉,舰长,43,恬豆包,25
110,199170103,BiorgTrinityx,舰长,46,恬豆包,25
111,641276,世杰,舰长,427,恬豆包,25
112,63037,ナリタタイシン,舰长,427,恬豆包,25
113,11593592,WLYTR,舰长,56,恬豆包,25
114,96115,奶酪大统领,舰长,417,恬豆包,25
115,100023513,小沐标,舰长,406,恬豆包,25
116,20270543,Rayarq,舰长,427,恬豆包,25
117,7556692,举年i,舰长,427,恬豆包,25
118,2450291,风涛不记苏,舰长,194,恬豆包,25
119,524297,脸黑没钱肝不动,舰长,256,恬豆包,25
120,20682081,又一豆偷开沐的梨头车,舰长,176,恬豆包,25
121,20555867,riru_Kazumi,舰长,266,恬豆包,25
122,1410788,gggold,舰长,353,恬豆包,25
123,272424441,哎哟恬豆豆,舰长,266,恬豆包,25
124,32166499,一般小豆,舰长,114,恬豆包,25
125,1768446,立灬方灬体,舰长,294,恬豆包,25
126,501733,不吃药的飞飞酱,舰长,301,恬豆包,25
127,393226024,路过のDD,舰长,331,恬豆包,25
128,208870847,Rabiの土豆屁,舰长,256,恬豆包,25
129,307315372,雨季阿弥弥,舰长,263,恬豆包,25
130,2941287,问问拿哪张医院预诊单,舰长,113,恬豆包,25
131,361411559,更衣室里到底有什么,舰长,185,恬豆包,25
132,4104624,天才美少女恬豆,舰长,306,恬豆包,25
133,49855368,想起恐怖的事,舰长,23,恬豆包,24
134,36262485,普通__点,舰长,283,恬豆包,24
135,739159,jy8049,舰长,57,恬豆包,24
136,21621001,henxce,舰长,256,恬豆包,24
137,473616316,Yick98,舰长,83,恬豆包,24
138,2001846175,bili_95774452457,舰长,256,恬豆包,24
139,235455359,玉光剑气张遥星,舰长,266,恬豆包,24
140,604209,藤井ありす,舰长,263,恬豆包,24
141,470085694,辣椒味豆沙,舰长,260,恬豆包,24
142,14689199,VentusJeff,舰长,176,恬豆包,24
143,6779748,情怀耍蛇,舰长,268,恬豆包,24
144,3116736,Zeko-,舰长,136,恬豆包,24
145,5787074,舒服晴天大小姐,舰长,95,恬豆包,24
146,354147456,歼世咩咩子_zZ,舰长,65,恬豆包,24
147,7105978,23_1N121_5E,舰长,233,恬豆包,24
148,35201973,森林图书馆,舰长,113,恬豆包,24
149,291137990,VarDec障碍,舰长,146,恬豆包,24
150,389160400,可爱糖豆没有双马尾,舰长,185,恬豆包,24
151,1692126,蓝白Mercury,舰长,175,恬豆包,24
152,16468094,哈比咕咕咕咕咕,舰长,176,恬豆包,24
153,4734288,为你穿越时间,舰长,191,恬豆包,24
154,289098538,一叙锦秋路,舰长,150,恬豆包,24
155,1584939,纳米真空清洁仪,舰长,186,恬豆包,24
156,6068627,奶♂皮,舰长,186,恬豆包,24
157,175548676,鸽子和鸭子,舰长,206,恬豆包,24
158,409812093,姐就是道理,舰长,203,恬豆包,24
159,15212222,凑闲鱼,舰长,206,恬豆包,24
160,86168057,帝国宪骑兵,舰长,146,恬豆包,24
161,10007292,GIMMOD-复活版,舰长,83,恬豆包,24
162,480206945,现役肥宅元宝,舰长,86,恬豆包,24
163,8330196,桃花坞片片,舰长,176,恬豆包,24
164,88268964,青琅主,舰长,176,恬豆包,24
165,26581072,船上打更,舰长,86,恬豆包,24
166,14454726,豆豆不太能吃辣,舰长,151,恬豆包,24
167,110375756,Einherjar,舰长,91,恬豆包,24
168,3825226,山栗阿克曼_zZ,舰长,117,恬豆包,24
169,9216572,雄姿杰出刘左军,舰长,142,恬豆包,24
170,1237092866,非转基因小豆,舰长,76,恬豆包,24
171,24377991,永远是个恬豆包呀,舰长,125,恬豆包,24
172,28204958,权是她,舰长,125,恬豆包,24
173,51907835,_Unknown_01,舰长,56,恬豆包,23
174,12578332,哇_是牛魔,舰长,106,恬豆包,23
175,1920939,Vanilla_Addict,舰长,126,恬豆包,23
176,234878331,dddddoinb,舰长,127,恬豆包,23
177,15103104,影子和重写本,舰长,83,恬豆包,23
178,362261834,飞鸟十二世,舰长,146,恬豆包,23
179,85918367,銘刻時間の歌,舰长,113,恬豆包,23
180,2099894066,-YXLXY-,舰长,56,恬豆包,23
181,11432473,Numstail,舰长,83,恬豆包,23
182,393758512,Mr左钩拳,舰长,121,恬豆包,23
183,26085097,新萪娘,舰长,113,恬豆包,23
184,149254174,我是可爱小男娘,舰长,56,恬豆包,23
185,453393860,炼金术士梨猪猪,舰长,76,恬豆包,23
186,8495334,飞奔的野猪,舰长,60,恬豆包,23
187,1510494,纯情男大越狱黑兔,舰长,86,恬豆包,23
188,509695943,无烬余温,舰长,116,恬豆包,23
189,3327025,disapp,舰长,113,恬豆包,23
190,38152598,相川_渦波,舰长,95,恬豆包,23
191,12939423,樱花ling,舰长,113,恬豆包,23
192,176572430,神槍の極意,舰长,74,恬豆包,23
193,104867,鸢尾兰Grey,舰长,110,恬豆包,23
194,684516,冰岛上追极光,舰长,65,恬豆包,23
195,39103477,-sumliet,舰长,116,恬豆包,23
196,267626300,210丶,舰长,86,恬豆包,23
197,1684095,好圆z,舰长,76,恬豆包,23
198,9557485,屎豆屁梨嗝又哞沐,舰长,91,恬豆包,23
199,7332387,-果丹皮丶,舰长,76,恬豆包,23
200,515341,麻雀团子,舰长,113,恬豆包,23
201,5352569,别肥-,舰长,116,恬豆包,23
202,320197,利可Rico,舰长,113,恬豆包,23
203,9698939,瑞兹去流浪,舰长,116,恬豆包,23
204,83896069,最后的茉香奶绿,舰长,116,恬豆包,23
205,65162669,青梦一生,舰长,116,恬豆包,23
206,51188268,K4nata_,舰长,116,恬豆包,23
207,46959219,婧然是祎,舰长,116,恬豆包,23
208,396206754,万焱入梦,舰长,116,恬豆包,23
209,2812361,夜梦幽海,舰长,116,恬豆包,23
210,25137085,Jaime2Lannister,舰长,91,恬豆包,23
211,223932463,施眠Seamason,舰长,115,恬豆包,23
212,13779602,猩sir,舰长,116,恬豆包,23
213,10924511,银枫宇,舰长,113,恬豆包,23
214,37528208,ChiliKiller,舰长,86,恬豆包,23
215,34011514,木可走首,舰长,83,恬豆包,23
216,397859862,心摒弃之,舰长,65,恬豆包,23
217,2829163,月谙离别苦,舰长,83,恬豆包,23
218,290893127,福禄王权,舰长,56,恬豆包,23
219,24164393,趴趴柒丶,舰长,79,恬豆包,23
220,397798424,醒云-,舰长,83,恬豆包,23
221,37187114,吹萨克斯的精灵,舰长,86,恬豆包,23
222,76787436,咫尺天涯间99,舰长,83,恬豆包,23
223,8257338,1个白菜,舰长,85,恬豆包,23
224,286076416,Jacob是啥鲲,舰长,83,恬豆包,23
225,24897876,折木奉太る,舰长,86,恬豆包,23
226,108181094,大头大头下雨不愁OMO,舰长,86,恬豆包,23
227,311078224,ProgramYuan,舰长,83,恬豆包,23
228,295918,经典缪缪,舰长,84,恬豆包,23
229,1072482805,鹿关高手OGC,舰长,34,恬豆包,23
230,14947604,丢梨老沐,舰长,64,恬豆包,23
231,90929962,VAUK,舰长,82,恬豆包,23
232,10054077,星空に辉けギンガ,舰长,86,恬豆包,22
233,192122848,竹烟槐雨-,舰长,67,恬豆包,22
234,747815,肥肥小子,舰长,86,恬豆包,22
235,12213438,两仪凛mk1,舰长,86,恬豆包,22
236,211946101,戛纳大影帝,舰长,56,恬豆包,22
237,13411047,叁三俩两,舰长,65,恬豆包,22
238,131756446,原石自动签到机,舰长,55,恬豆包,22
239,277728496,派生吃豆人,舰长,86,恬豆包,22
240,28041765,最初的乐章,舰长,56,恬豆包,22
241,80913405,主打严谨的阿紫,舰长,86,恬豆包,22
242,7351143,悠玖玥゛,舰长,86,恬豆包,22
243,37163462,神圣咸鱼HU,舰长,90,恬豆包,22
244,1283974,痛覺殘留XD,舰长,86,恬豆包,22
245,8310193,酒为剑歌,舰长,83,恬豆包,22
246,179914286,Silvester-5,舰长,69,恬豆包,22
247,6953059,どこまでもただ遠くへ,舰长,83,恬豆包,22
248,447292,眼虫藻,舰长,86,恬豆包,22
249,23743505,龟速灬船长,舰长,65,恬豆包,22
250,92968911,缓靖,舰长,83,恬豆包,22
251,8781882,-今屿,舰长,86,恬豆包,22
252,5214118,428号四叶草,舰长,83,恬豆包,22
253,3461575734200775,南明何事,舰长,86,恬豆包,22
254,3382142,夕雾酱,舰长,86,恬豆包,22
255,108414946,Rhapsody_狂想,舰长,66,恬豆包,22
256,36499590,一歌粒纳米,舰长,65,恬豆包,22
257,1368417,upEoEgogo,舰长,86,恬豆包,22
258,8484338,梦花火i,舰长,86,恬豆包,22
259,38299573,鳄鱼锷鱼颚鱼,舰长,65,恬豆包,22
260,390989,提ちゃん,舰长,86,恬豆包,22
261,236113,可曾记得哎,舰长,81,恬豆包,22
262,8890294,龙猫喵喵lm,舰长,65,恬豆包,22
263,7002526,约什蒋,舰长,86,恬豆包,22
264,6609157,吾辈是柳絮,舰长,65,恬豆包,22
265,598714297,-一滩猫-,舰长,86,恬豆包,22
266,52709855,须弥感,舰长,65,恬豆包,22
267,5164976,にしきごい-,舰长,65,恬豆包,22
268,4843368,楊牧俑,舰长,86,恬豆包,22
269,456479647,普信小随,舰长,65,恬豆包,22
270,3546582301542999,烁焰512,舰长,65,恬豆包,22
271,33862,飛小橘,舰长,82,恬豆包,22
272,32494411,mimimi兔,舰长,65,恬豆包,22
273,3245127,Chidantaaaa,舰长,85,恬豆包,22
274,299179629,iqbssbqi88,舰长,65,恬豆包,22
275,289347054,不井花箱,舰长,65,恬豆包,22
276,274884696,綾地_宁宁厨,舰长,65,恬豆包,22
277,26163067,豪宅毁灭者,舰长,86,恬豆包,22
278,23471659,特殊小粟,舰长,86,恬豆包,22
279,227076817,晚餐加碗饭,舰长,86,恬豆包,22
280,224517680,萤石之愿,舰长,83,恬豆包,22
281,1972389896,bili_45792247048,舰长,65,恬豆包,22
282,1812861161,bili_21880802220,舰长,65,恬豆包,22
283,16628567,愿圣光会忽悠你,舰长,83,恬豆包,22
284,165228,喷火龙,舰长,86,恬豆包,22
285,161225119,花语凝夜,舰长,65,恬豆包,22
286,12586930,立体角w,舰长,64,恬豆包,22
287,123281107,Yukinoa结城希亚的喵,舰长,86,恬豆包,22
288,11621965,沐渍唐,舰长,86,恬豆包,22
289,1150609275,金鱼大仙Studio,舰长,86,恬豆包,22
290,11416631,逝水如烟丶,舰长,86,恬豆包,22
291,11388852,新桓結衣,舰长,91,恬豆包,22
292,109350591,3-300个字符以外,舰长,86,恬豆包,22
293,4570776,臭泥猫,舰长,46,恬豆包,22
294,22392551,MurphyHolmes,舰长,56,恬豆包,22
295,3879537,Dr-M1887,舰长,56,恬豆包,22
296,10092824,哈迪斯54,舰长,56,恬豆包,22
297,404299136,离开梨安会不安,舰长,56,恬豆包,22
298,8207824,地球OL国服第一混,舰长,28,恬豆包,22
299,10724814,被禁之棺,舰长,78,恬豆包,22
300,13066685,风逝reuxd,舰长,56,恬豆包,22
301,203653982,糖炒恬荔,舰长,56,恬豆包,22
302,1325332105,网友王顺猫,舰长,56,恬豆包,22
303,481118003,金鱼大鲸鱼,舰长,56,恬豆包,22
304,3697853,铃原星之鹰,舰长,56,恬豆包,22
305,392738886,Stanfedi,舰长,56,恬豆包,22
306,2328013,厉残红,舰长,56,恬豆包,22
307,115227210,逗逗渣渣,舰长,56,恬豆包,22
308,13393184,辣堡草鱼,舰长,56,恬豆包,22
309,337421815,村委主任Zzz,舰长,57,恬豆包,22
310,454040999,喵喵露大統領,舰长,56,恬豆包,22
311,98439551,马路口口,舰长,56,恬豆包,22
312,65161408,魂系高手,舰长,56,恬豆包,22
313,16943955,萧生羽墨,舰长,56,恬豆包,22
314,73765729,小西卡君,舰长,56,恬豆包,22
315,4644317,SClassicS,舰长,56,恬豆包,22
316,3546721126713664,L梦觉,舰长,56,恬豆包,22
317,301063622,烬渊_Official,舰长,56,恬豆包,22
318,24770735,天兆叶,舰长,56,恬豆包,22
319,10774697,君君君君小夏,舰长,56,恬豆包,22
320,180327268,七月榆安,舰长,56,恬豆包,22
321,1772477,时光太浅,舰长,56,恬豆包,22
322,10832984,南琴歌,舰长,16,恬豆包,22
323,160942844,喜马拉雅温泉蛋,舰长,56,恬豆包,22
324,102498514,俾斯麦的猫咪,舰长,41,恬豆包,22
325,17076031,严严严严谨p,舰长,55,恬豆包,22
326,327483877,アイ尤里里,舰长,56,恬豆包,22
327,14384417,你看你看星星挂满天,舰长,56,恬豆包,22
328,453970301,小小星瞳,舰长,56,恬豆包,22
329,78554144,Nlvcoo,舰长,56,恬豆包,22
330,227448697,惜墨恋染,舰长,56,恬豆包,22
331,4159770,躺在床上看风景,舰长,61,恬豆包,22
332,3493146080053921,山里是真的甜,舰长,56,恬豆包,22
333,33839500,在鿋运楼门口大声喊叫,舰长,56,恬豆包,22
334,8311184,紧张的黑巧克力,舰长,56,恬豆包,22
335,201170845,FutureWarrior,舰长,56,恬豆包,22
336,15565624,柠檬爱吃烤肉,舰长,56,恬豆包,22
337,13939469,加_VX看蟹黄堡秘方,舰长,56,恬豆包,22
338,20238062,sevensixF,舰长,56,恬豆包,22
339,15136593,埃弗顿_Everton,舰长,56,恬豆包,22
340,10433514,碧血银枪塔菲酱,舰长,56,恬豆包,22
341,29374285,艾许的钢笔被我用坏了,舰长,83,恬豆包,22
342,513114705,菜热炒油,舰长,56,恬豆包,22
343,20560313,苟祸,舰长,56,恬豆包,22
344,357233154,小鱼儿的晴天吖,舰长,56,恬豆包,22
345,1669695555,あい秋天_,舰长,56,恬豆包,22
346,81643042,我不-喜欢-你,舰长,56,恬豆包,22
347,8124645,akakaja,舰长,56,恬豆包,22
348,4132025,叉叉xxlonge,舰长,56,恬豆包,22
349,393319752,打豆豆haha,舰长,56,恬豆包,22
350,38737535,龙龙龙兔OvO,舰长,56,恬豆包,22
351,35859724,ChiangKai-tau,舰长,56,恬豆包,22
352,355056244,不要再氪金了,舰长,56,恬豆包,22
353,329343500,beamformer波束成形器,舰长,56,恬豆包,22
354,267048326,belovedmilk_,舰长,56,恬豆包,22
355,237601257,年少可乐,舰长,56,恬豆包,22
356,13115905,还让人起名不,舰长,56,恬豆包,22
357,10113601,YYYD,舰长,56,恬豆包,22
358,431576706,夏天的冷意,舰长,56,恬豆包,22
359,508739146,扣1送猴子地狱火,舰长,56,恬豆包,22
360,26028263,雨夜回忆,舰长,56,恬豆包,22
361,6515174,acceleter,舰长,56,恬豆包,22
362,4145477,故园天晴,舰长,56,恬豆包,22
363,406793499,-树哥-,舰长,56,恬豆包,22
364,37606475,_zhmmmmm,舰长,56,恬豆包,22
365,3546606529940216,天才小象-,舰长,56,恬豆包,22
366,96535309,淡沫微然,舰长,56,恬豆包,22
367,9621106,洋洋洋洋洋葱君,舰长,56,恬豆包,22
368,93806745,情商冻结已放弃治疗,舰长,59,恬豆包,22
369,92592767,Matador_,舰长,56,恬豆包,22
370,87260256,周慕的云,舰长,56,恬豆包,22
371,85513834,dinichtyidaE,舰长,56,恬豆包,22
372,8481415,陌筱缡,舰长,56,恬豆包,22
373,8434838,穆易丷,舰长,56,恬豆包,22
374,825147,kioll,舰长,56,恬豆包,22
375,8137193,矛盾聚合体CVEngineer,舰长,56,恬豆包,22
376,802541,古麟枫,舰长,56,恬豆包,22
377,7906121,XDzz4,舰长,56,恬豆包,22
378,764754,--XoX_,舰长,55,恬豆包,22
379,7294628,涵先森,舰长,56,恬豆包,22
380,70873477,澤村嚶栗栗,舰长,56,恬豆包,22
381,689908844,天青色等烟敏,舰长,55,恬豆包,22
382,68567,未来人的休眠仓753951号,舰长,56,恬豆包,22
383,646246591,bili_98714478325,舰长,60,恬豆包,22
384,6023855,星如叙,舰长,56,恬豆包,22
385,59240316,pe7b69g9,舰长,85,恬豆包,22
386,5887158,魇瑟,舰长,56,恬豆包,22
387,518133398,阑阑99,舰长,56,恬豆包,22
388,516413,你晓Ming老师不教书,舰长,56,恬豆包,22
389,515543,jasmire,舰长,56,恬豆包,22
390,5107209,四谷阿岩,舰长,56,恬豆包,22
391,49177011,戏言侦探莉丝佳,舰长,56,恬豆包,22
392,486788650,整点凉快的,舰长,56,恬豆包,22
393,483763187,京飘漂的日天,舰长,56,恬豆包,22
394,482402317,yeeFF-,舰长,56,恬豆包,22
395,478394265,塔尔塔罗洛,舰长,56,恬豆包,22
396,475751727,路过的Kizuner丶,舰长,56,恬豆包,22
397,470956715,AKA张益达,舰长,56,恬豆包,22
398,4659889,菠萝披萨配可乐,舰长,56,恬豆包,22
399,45901083,鲸歌421,舰长,55,恬豆包,22
400,456380305,bili_74132980705,舰长,56,恬豆包,22
401,454718582,苍岚c,舰长,56,恬豆包,22
402,4302926,Oshimua,舰长,56,恬豆包,22
403,425332319,吃花蕉的小羊,舰长,56,恬豆包,22
404,4213141,LouisMeng,舰长,56,恬豆包,22
405,410390412,bli_94028472,舰长,56,恬豆包,22
406,400791585,一个自律的石头,舰长,56,恬豆包,22
407,39381556,cycleloops,舰长,56,恬豆包,22
408,3935175,风结一速迷,舰长,56,恬豆包,22
409,36812771,WC8B,舰长,56,恬豆包,22
410,362630,迷你小猫咪,舰长,56,恬豆包,22
411,362108817,音符被遗忘者,舰长,56,恬豆包,22
412,3546727091013692,万栗拿,舰长,56,恬豆包,22
413,3546727023905161,bili_30498024975,舰长,56,恬豆包,22
414,3546726960990863,恬豆是我的小姨,舰长,56,恬豆包,22
415,3546719922948848,乐乐xzsh,舰长,56,恬豆包,22
416,3546708589939221,米其林大乖,舰长,56,恬豆包,22
417,3546707973376411,梦幻轻飞舞,舰长,56,恬豆包,22
418,3546681681381402,好一只大嘟嘟,舰长,56,恬豆包,22
419,3546649051793512,月明かりの沈黙,舰长,56,恬豆包,22
420,3546646537308935,小阿的守夜人,舰长,56,恬豆包,22
421,3546646340176810,又ー充电中,舰长,56,恬豆包,22
422,3546622201957096,pppppp02643,舰长,56,恬豆包,22
423,3494374950308320,写意胜行,舰长,56,恬豆包,22
424,3494371617934297,八月的灯,舰长,56,恬豆包,22
425,3493270403418473,奥斯曼人_DT,舰长,56,恬豆包,22
426,3493090077706407,又是nnm还在nnm,舰长,56,恬豆包,22
427,34904531,何坚强123,舰长,60,恬豆包,22
428,33536381,Moyury,舰长,56,恬豆包,22
429,327825987,窝狗吃锅藕,舰长,56,恬豆包,22
430,31839741,冰闊珞,舰长,56,恬豆包,22
431,31547707,月色の花火,舰长,56,恬豆包,22
432,31229859,水咕咚,舰长,56,恬豆包,22
433,3069162,莫班车,舰长,56,恬豆包,22
434,30485969,古拉格的逃亡者,舰长,56,恬豆包,22
435,29389697,酥炸菇菇狸,舰长,55,恬豆包,22
436,28980372,深月保安,舰长,56,恬豆包,22
437,283396829,YOKOBEKKI,舰长,56,恬豆包,22
438,26109371,微博推本指南,舰长,56,恬豆包,22
439,258846169,赨㡣,舰长,56,恬豆包,22
440,247305905,爱吃肉的小白老师,舰长,56,恬豆包,22
441,241007,虚煌星,舰长,56,恬豆包,22
442,235355938,Wince_GF,舰长,56,恬豆包,22
443,2348771,icho648,舰长,56,恬豆包,22
444,21770450,superMac_,舰长,56,恬豆包,22
445,21208161,凌影白,舰长,56,恬豆包,22
446,18667159,Feh1er,舰长,56,恬豆包,22
447,18618914,70Times,舰长,56,恬豆包,22
448,18231801,VittorioVeneeto,舰长,56,恬豆包,22
449,181482458,次掉小饼干,舰长,55,恬豆包,22
450,175522122,空美镇上空的伊某人,舰长,56,恬豆包,22
451,1631821,闲着的闲者,舰长,56,恬豆包,22
452,1613569874,风行者wr2,舰长,56,恬豆包,22
453,1607176474,起芪,舰长,55,恬豆包,22
454,1542193083,根汁汽水の王,舰长,56,恬豆包,22
455,15186091,顶天立地托蕾酱,舰长,56,恬豆包,22
456,14147791,卫宫士郎村正,舰长,56,恬豆包,22
457,13583559,尼耶什格_川子,舰长,56,恬豆包,22
458,13434327,昏君胡椒粉,舰长,56,恬豆包,22
459,13252736,丶一半柠檬丶,舰长,56,恬豆包,22
460,1277856780,阳说V圈,舰长,56,恬豆包,22
461,12692409,老板断气老板尸体铅钢,舰长,56,恬豆包,22
462,123315643,书丶昀,舰长,56,恬豆包,22
463,12069557,禧运动物园园长,舰长,58,恬豆包,22
464,11876903,爱看动漫的呆呆花,舰长,56,恬豆包,22
465,11015869,白雒笙,舰长,55,恬豆包,22
466,10701065,风鸟千华,舰长,56,恬豆包,22
467,10633758,默默陌摸鱼,舰长,56,恬豆包,22
468,105058115,厨神学校的你进社会,舰长,56,恬豆包,22
469,10347406,一维可导,舰长,56,恬豆包,22
470,10321712,最终之最,舰长,56,恬豆包,22
471,10094351,愿慈父祝福你,舰长,56,恬豆包,22
472,510043346,小孩子少吃唐朝荔枝,舰长,16,恬豆包,22
473,108079646,空嗝-,舰长,16,恬豆包,22
474,442168965,蓝桥春雪饼,舰长,16,恬豆包,22
475,3841185,悠白单推人,舰长,16,恬豆包,22
476,231051,蕾恩・玛格特洛依德,舰长,16,恬豆包,22
477,6999082,千音Official,舰长,27,恬豆包,21
478,62038847,每天揍佳佳的星幻,舰长,27,恬豆包,21
479,3546632373144281,迟到巧克力,舰长,60,恬豆包,21
480,543308448,阿咖不想喝可乐,舰长,14,恬豆包,21
481,6595678,Superhame,舰长,22,恬豆包,21
482,69750383,生活不易知道吗,舰长,31,恬豆包,21